Registro;Producto;Titular
F-18910/11;BRILINTA COMPRIMIDOS RECUBIERTOS 90 mg ;Astrazeneca S.A.
F-19457/12;ZINFORO POLVO PARA SOLUCIÓN CONCENTRADA PARA INFUSIÓN  600 mg;Astrazeneca S.A.
F-17179/08;XARELTO COMPRIMIDOS RECUBIERTOS 10 mg;Bayer S.A.
F-17447/09;PRADAXA CÁPSULAS 75 mg;Boehringer Ingelheim Ltda.
F-17448/09;PRADAXA CÁPSULAS 110 mg;Boehringer Ingelheim Ltda.
F-18886/11;TRAYENTA COMPRIMIDOS RECUBIERTOS 5 mg.;Boehringer Ingelheim Ltda.
B-1982/12;ORENCIA POLVO LIOFILIZADO PARA SOLUCIÓN INYECTABLE 250 mg;Bristol - Myers Squibb De Chile
F-16023/12;SPRYCEL COMPRIMIDOS RECUBIERTOS 70 mg;Bristol - Myers Squibb De Chile
F-16957/08;IXEMPRA POLVO LIOFILIZADO PARA SOLUCIÓN INYECTABLE 15 mg CON DILUYENTE;Bristol - Myers Squibb De Chile
F-16958/08;IXEMPRA POLVO LIOFILIZADO PARA SOLUCIÓN INYECTABLE 45 mg CON DILUYENTE;Bristol - Myers Squibb De Chile
F-17851/09;ONGLYZA COMPRIMIDOS RECUBIERTOS 2,5 mg;Bristol - Myers Squibb De Chile
F-17852/09;ONGLYZA COMPRIMIDOS RECUBIERTOS 5 mg;Bristol - Myers Squibb De Chile
F-17844/09;EFFIENT COMPRIMIDOS RECUBIERTOS 5 mg;Eli Lilly Interamerica Inc. Y Cia. Ltda.
F-17845/09;EFFIENT COMPRIMIDOS RECUBIERTOS 10 mg;Eli Lilly Interamerica Inc. Y Cia. Ltda.
F-19020/11;BILIDREN COMPRIMIDOS 20 mg;Faes Farma Chile, Salud Y Nutrición Ltda.
F-17194/08;CELSENTRI COMPRIMIDOS RECUBIERTOS 150 mg;Glaxosmithkline Chile Farmacéutica Ltda.
F-17195/08;CELSENTRI COMPRIMIDOS RECUBIERTOS 300 mg;Glaxosmithkline Chile Farmacéutica Ltda.
F-17797/09;REVOLADE COMPRIMIDOS RECUBIERTOS 25 mg;Glaxosmithkline Chile Farmacéutica Ltda.
F-17798/09;REVOLADE COMPRIMIDOS RECUBIERTOS 50 mg;Glaxosmithkline Chile Farmacéutica Ltda.
F-18018/10;VOTRIENT COMPRIMIDOS RECUBIERTOS 200 mg;Glaxosmithkline Chile Farmacéutica Ltda.
F-18019/10;VOTRIENT COMPRIMIDOS RECUBIERTOS 400 mg;Glaxosmithkline Chile Farmacéutica Ltda.
B-2145/10;STELARA SOLUCIÓN INYECTABLE 45 mg;Johnson & Johnson De Chile S.A.
F-16170/12;PREZISTA COMPRIMIDOS RECUBIERTOS 300 mg;Johnson & Johnson De Chile S.A.
F-16657/13;INVEGA COMPRIMIDOS RECUBIERTOS DE LIBERACIÓN OSMÓTICA PROLONGADA 6 mg;Johnson & Johnson De Chile S.A.
F-16658/08;INVEGA COMPRIMIDOS RECUBIERTOS DE LIBERACIÓN OSMÓTICA PROLONGADA 9 mg;Johnson & Johnson De Chile S.A.
F-16659/08;INVEGA COMPRIMIDOS RECUBIERTOS DE LIBERACIÓN OSMÓTICA PROLONGADA 3 mg;Johnson & Johnson De Chile S.A.
F-17697/09;INTELENCE COMPRIMIDOS 100 mg ;Johnson & Johnson De Chile S.A.
F-18266/10;PRILIGY COMPRIMIDOS RECUBIERTOS 30 mg;Johnson & Johnson De Chile S.A.
F-18267/10;PRILIGY COMPRIMIDOS RECUBIERTOS 60 mg;Johnson & Johnson De Chile S.A.
F-19693/12;INCIVO COMPRIMIDOS RECUBIERTOS 375 mg;Johnson & Johnson De Chile S.A.
F-17513/09;PRISTIQ COMPRIMIDOS RECUBIERTOS DE LIBERACIÓN PROLONGADA 50 mg;Laboratorios Wyeth Llc.
F-17514/09;PRISTIQ COMPRIMIDOS RECUBIERTOS DE LIBERACIÓN PROLONGADA 100 mg;Laboratorios Wyeth Llc.
B-2162/10;ELONVA SOLUCIÓN INYECTABLE 100 mcg/0,5 mL.;Merck Sharp & Dohme Chile Limitada
B-2163/10;ELONVA SOLUCIÓN INYECTABLE 150 mcg/0,5 mL;Merck Sharp & Dohme Chile Limitada
F-17713/09;BRIDION SOLUCIÓN INYECTABLE 200 mg/ 2 mL;Merck Sharp & Dohme Chile Limitada
F-17714/09;BRIDION SOLUCIÓN INYECTABLE 500 mg/ 5 mL;Merck Sharp & Dohme Chile Limitada
F-16828/08;ISENTRESS COMPRIMIDOS RECUBIERTOS 400 mg;Merck Sharp & Dohme (I.A.) Corp.
F-18038/10;JALRA COMPRIMIDOS 50 mg;Merck S.A.
F-18119/10;JALRA M 50/500 COMPRIMIDOS RECUBIERTOS;Merck S.A.
F-18120/10;JALRA M 50/850 COMPRIMIDOS RECUBIERTOS;Merck S.A.
F-18121/10;JALRA M 50/1000 COMPRIMIDOS RECUBIERTOS;Merck S.A.
B-2116/09;ILARIS POLVO PARA SOLUCIÓN INYECTABLE 150 mg;Novartis Chile S.A.
F-16642/07;GALVUS COMPRIMIDOS 100 mg;Novartis Chile S.A.
F-17926/10;ONBRIZE BREEZHALER POLVO PARA INHALACIÓN EN CÁPSULAS 150 mcg;Novartis Chile S.A.
F-17927/10;ONBRIZE BREEZHALER POLVO PARA INHALACIÓN EN CÁPSULAS 300 mcg;Novartis Chile S.A.
F-18557/11;GILENYA CÁPSULAS 0,5 mg;Novartis Chile S.A.
F-19701/12;JAKAVI COMPRIMIDOS 5 mg ;Novartis Chile S.A.
F-19702/12;JAKAVI COMPRIMIDOS 15 mg;Novartis Chile S.A.
F-19703/12;JAKAVI COMPRIMIDOS 20 mg;Novartis Chile S.A.
B-2033/08;MIRCERA SOLUCIÓN INYECTABLE 50 mcg/0,3 mL;Roche Chile Ltda.
B-2034/08;MIRCERA SOLUCIÓN INYECTABLE 75 mcg/0,3 mL;Roche Chile Ltda.
B-2035/08;MIRCERA SOLUCIÓN INYECTABLE 100 mcg/0.3 mL;Roche Chile Ltda.
B-2036/08;MIRCERA SOLUCIÓN INYECTABLE 150 mcg/0,3 mL;Roche Chile Ltda.
B-2037/08;MIRCERA SOLUCIÓN INYECTABLE 200 mcg/0,3 mL;Roche Chile Ltda.
B-2038/08;MIRCERA SOLUCIÓN INYECTABLE 250 mcg/0,3 mL;Roche Chile Ltda.
B-2039/08;MIRCERA SOLUCIÓN INYECTABLE 800 mcg/0,6 mL;Roche Chile Ltda.
B-2040/08;MIRCERA SOLUCIÓN INYECTABLE 50 mcg/1 mL;Roche Chile Ltda.
B-2041/08;MIRCERA SOLUCIÓN INYECTABLE 100 mcg/1 mL;Roche Chile Ltda.
B-2042/08;MIRCERA SOLUCIÓN INYECTABLE 200 mcg/1 mL;Roche Chile Ltda.
B-2043/08;MIRCERA SOLUCIÓN INYECTABLE 300 mcg/1 mL;Roche Chile Ltda.
B-2044/08;MIRCERA SOLUCIÓN INYECTABLE 1.000 mcg/1 mL;Roche Chile Ltda.
B-2100/09;ACTEMRA CONCENTRADO PARA SOLUCIÓN PARA INFUSIÓN 80 mg/4 mL;Roche Chile Ltda.
B-2101/09;ACTEMRA CONCENTRADO PARA SOLUCIÓN PARA INFUSIÓN 200 mg/10 mL;Roche Chile Ltda.
B-2102/09;ACTEMRA CONCENTRADO PARA SOLUCIÓN PARA INFUSIÓN 400 mg/ 20 mL;Roche Chile Ltda.
F-17959/10;MULTAQ COMPRIMIDOS RECUBIERTOS 400 mg;Sanofi-Aventis De Chile S.A.
F-18625/11;JEVTANA SOLUCIÓN CONCENTRADA PARA INFUSIÓN   60 mg/1,5 mL, CON SOLVENTE ;Sanofi-Aventis De Chile S.A.
